"Name","FileName","ExportName"
"String","String","String"
"BullGuyIdle","ui.sc","hero_portrait"
"BullGuyWalk","ui.sc","hero_portrait"
"BullGuyHappy","ui.sc","hero_portrait"
"BullGuySad","ui.sc","hero_portrait"
"BullGuySignature","ui.sc","hero_portrait"
"ShellyFace","characters.sc","shelly_face"
"ShellyBanditFace","characters.sc","shelly_bandit_face"
"JunkerFace","characters.sc","jessie_face"
"JunkerDreamyFace","characters.sc","jessie_dreamy_face"
"ColtFace","characters.sc","colt_face"
"BullFace","characters.sc","bull_face"
"PamFace","characters.sc","pam_face"
"CrowFace","characters.sc","crow_face"
"TaraFaceIdle","characters.sc","tara_idle"
"TaraFaceWin","characters.sc","tara_win"
"TaraFaceWinLoop","characters.sc","tara_winloop"
"TaraFaceLose","characters.sc","tara_lose"
"TaraFaceLoseloop","characters.sc","tara_loseloop"
"MortisFace","characters.sc","mortis_face"
"MortisWin","characters.sc","mortis_win"
"MortisWinloop","characters.sc","mortis_winloop"
"PennyFace","characters.sc","penny_face"
"LeonIdle","characters.sc","leon_idle"
"LeonWin","characters.sc","leon_win"
"LeonWinLoop","characters.sc","leon_winloop"
"LeonLose","characters.sc","leon_lose"
"LeonLoseLoop","characters.sc","leon_loseloop"
"MortisNightwitchWin","characters.sc","mortis_nightwitch_win"
"MortisNightwitchFace","characters.sc","mortis_nightwitch_face"
"MortisNightwitchWinloop","characters.sc","mortis_nightwitch_winloop"
"CarlIdle","characters.sc","carl_idle"
"CarlAngry","characters.sc","carl_angry"
"CarlAngryloop","characters.sc","carl_angry_loop"
"BarleyMsFace","characters.sc","barley_ms_face"
"BarleyMsLose","characters.sc","barley_ms_lose"
"BarleyMsLoseloop","characters.sc","barley_ms_loseloop"
"CarlHotrodIdle","characters.sc","hotrod_carl_idle"
"CarlHotrodAngry","characters.sc","hotrod_carl_angry"
"CarlHotrodAngryloop","characters.sc","hotrod_carl_angry_loop"
"Bibi_Idle","characters.sc","bibi_face"
"Bibi_Win","characters.sc","bibi_win"
"DynamikeRoboFace","characters.sc","mecha_mike_face"
"DynamikeRoboLose","characters.sc","mecha_mike_lose"
"DynamikeRoboLoseloop","characters.sc","mecha_mike_loseloop"
